filename,chroma_stft,rmse,spectral_centroid,spectral_bandwidth,rolloff,zero_crossing_rate,mfcc1,mfcc2,mfcc3,mfcc4,mfcc5,mfcc6,mfcc7,mfcc8,mfcc9,mfcc10,mfcc11,mfcc12,mfcc13,mfcc14,mfcc15,mfcc16,mfcc17,mfcc18,mfcc19,mfcc20,label
africa-toto.wav,0.4309355318546295,0.1106940358877182,2442.785643338609,2915.456673808468,5670.8657090508905,0.07318360886706657,-190.96266174316406,81.92296600341797,42.55330276489258,32.291202545166016,16.38593864440918,11.476901054382324,6.556172847747803,2.355586528778076,0.3751028776168823,3.213061809539795,2.4885287284851074,4.890074729919434,1.3660959005355835,-2.8893465995788574,0.04054177552461624,-1.458207368850708,-2.538515567779541,-2.6289870738983154,-2.856635332107544,-1.2491451501846313,pop
beautiful_life-ace_of_base.wav,0.34696337580680847,0.12212244421243668,2757.332813898918,2611.921130583194,5848.422968719766,0.13037827435661764,-94.12895965576172,68.17488098144531,-4.051095008850098,13.342933654785156,-8.558311462402344,-1.8999114036560059,-10.021647453308105,-4.600403785705566,-11.731569290161133,-10.87895679473877,-8.247557640075684,-8.146507263183594,-6.0718092918396,-6.335147857666016,-2.6113786697387695,-3.512453079223633,-2.537905693054199,-0.13686151802539825,0.7985717058181763,-0.7259527444839478,pop
dont_speak-no_doubt.wav,0.2319338172674179,0.1725255697965622,1487.9679412804949,2028.305165213026,3056.2231861031833,0.04884588755321207,-153.4801025390625,136.5001678466797,4.522055149078369,28.93758773803711,12.408456802368164,-19.368064880371094,5.625158309936523,-6.43989896774292,-5.140560626983643,-17.759279251098633,-9.555627822875977,-10.578224182128906,-15.407278060913086,-3.126044511795044,-9.627593040466309,-10.926597595214844,-7.0323967933654785,-9.769959449768066,-5.283998489379883,-2.4603323936462402,rock
